,emotion,top face,scrambling,emotion intensity,left face,gender,correct answer,block,right face
0,happiness,21M_HA_C100.jpg,0,100,27M_HA_C100.jpg,m,left,0,22M_FE_C100.jpg
1,happiness,27M_HA_C100.jpg,0,100,25M_FE_C100.jpg,m,right,0,24M_HA_C100.jpg
2,happiness,25M_HA_C100.jpg,0,100,27M_FE_C100.jpg,m,right,0,23M_HA_C100.jpg
3,happiness,22M_HA_C100.jpg,0,100,26M_HA_C100.jpg,m,left,0,28M_FE_C100.jpg
4,happiness,28M_HA_C100.jpg,0,100,25M_HA_C100.jpg,m,left,1,23M_FE_C100.jpg
5,happiness,26M_HA_C100.jpg,0,100,24M_FE_C100.jpg,m,right,1,28M_HA_C100.jpg
6,happiness,23M_HA_C100.jpg,0,100,26M_FE_C100.jpg,m,right,1,21M_HA_C100.jpg
7,happiness,24M_HA_C100.jpg,0,100,22M_HA_C100.jpg,m,left,1,21M_FE_C100.jpg
8,fear,26M_FE_C100.jpg,0,100,27M_FE_C100.jpg,m,left,2,28M_HA_C100.jpg
9,fear,22M_FE_C100.jpg,0,100,24M_FE_C100.jpg,m,left,2,21M_HA_C100.jpg
10,fear,23M_FE_C100.jpg,0,100,24M_HA_C100.jpg,m,right,2,25M_FE_C100.jpg
11,fear,21M_FE_C100.jpg,0,100,23M_HA_C100.jpg,m,right,2,22M_FE_C100.jpg
12,fear,28M_FE_C100.jpg,0,100,27M_HA_C100.jpg,m,right,3,21M_FE_C100.jpg
13,fear,24M_FE_C100.jpg,0,100,23M_FE_C100.jpg,m,left,3,26M_HA_C100.jpg
14,fear,25M_FE_C100.jpg,0,100,26M_FE_C100.jpg,m,left,3,22M_HA_C100.jpg
15,fear,27M_FE_C100.jpg,0,100,25M_HA_C100.jpg,m,right,3,28M_FE_C100.jpg
16,happiness,03F_HA_C100.jpg,0,100,05F_HA_C100.jpg,f,left,4,01F_FE_C100.jpg
17,happiness,02F_HA_C100.jpg,0,100,04F_FE_C100.jpg,f,right,4,07F_HA_C100.jpg
18,happiness,06F_HA_C100.jpg,0,100,02F_HA_C100.jpg,f,left,4,03F_FE_C100.jpg
19,happiness,01F_HA_C100.jpg,0,100,03F_HA_C100.jpg,f,left,4,06F_FE_C100.jpg
20,happiness,05F_HA_C100.jpg,0,100,07F_FE_C100.jpg,f,right,5,06F_HA_C100.jpg
21,happiness,07F_HA_C100.jpg,0,100,05F_FE_C100.jpg,f,right,5,08F_HA_C100.jpg
22,happiness,08F_HA_C100.jpg,0,100,04F_HA_C100.jpg,f,left,5,02F_FE_C100.jpg
23,happiness,04F_HA_C100.jpg,0,100,08F_FE_C100.jpg,f,right,5,01F_HA_C100.jpg
24,fear,02F_FE_C100.jpg,0,100,01F_HA_C100.jpg,f,right,6,06F_FE_C100.jpg
25,fear,03F_FE_C100.jpg,0,100,05F_FE_C100.jpg,f,left,6,07F_HA_C100.jpg
26,fear,01F_FE_C100.jpg,0,100,08F_FE_C100.jpg,f,left,6,04F_HA_C100.jpg
27,fear,06F_FE_C100.jpg,0,100,03F_FE_C100.jpg,f,left,6,02F_HA_C100.jpg
28,fear,07F_FE_C100.jpg,0,100,08F_HA_C100.jpg,f,right,7,04F_FE_C100.jpg
29,fear,08F_FE_C100.jpg,0,100,05F_HA_C100.jpg,f,right,7,02F_FE_C100.jpg
30,fear,04F_FE_C100.jpg,0,100,01F_FE_C100.jpg,f,left,7,03F_HA_C100.jpg
31,fear,05F_FE_C100.jpg,0,100,06F_HA_C100.jpg,f,right,7,07F_FE_C100.jpg
32,happiness,21M_HA_C100.jpg,0,40,22M_HA_C040.jpg,m,left,8,24M_FE_C040.jpg
33,happiness,27M_HA_C100.jpg,0,40,21M_FE_C040.jpg,m,right,8,24M_HA_C040.jpg
34,happiness,25M_HA_C100.jpg,0,40,22M_FE_C040.jpg,m,right,8,26M_HA_C040.jpg
35,happiness,22M_HA_C100.jpg,0,40,27M_FE_C040.jpg,m,right,8,23M_HA_C040.jpg
36,happiness,28M_HA_C100.jpg,0,40,27M_HA_C040.jpg,m,left,9,23M_FE_C040.jpg
37,happiness,26M_HA_C100.jpg,0,40,25M_HA_C040.jpg,m,left,9,28M_FE_C040.jpg
38,happiness,23M_HA_C100.jpg,0,40,21M_HA_C040.jpg,m,left,9,25M_FE_C040.jpg
39,happiness,24M_HA_C100.jpg,0,40,26M_FE_C040.jpg,m,right,9,28M_HA_C040.jpg
40,fear,26M_FE_C100.jpg,0,40,21M_FE_C040.jpg,m,left,10,25M_HA_C040.jpg
41,fear,22M_FE_C100.jpg,0,40,27M_FE_C040.jpg,m,left,10,24M_HA_C040.jpg
42,fear,23M_FE_C100.jpg,0,40,28M_HA_C040.jpg,m,right,10,22M_FE_C040.jpg
43,fear,21M_FE_C100.jpg,0,40,26M_FE_C040.jpg,m,left,10,22M_HA_C040.jpg
44,fear,28M_FE_C100.jpg,0,40,23M_HA_C040.jpg,m,right,11,25M_FE_C040.jpg
45,fear,24M_FE_C100.jpg,0,40,26M_HA_C040.jpg,m,right,11,23M_FE_C040.jpg
46,fear,25M_FE_C100.jpg,0,40,28M_FE_C040.jpg,m,left,11,27M_HA_C040.jpg
47,fear,27M_FE_C100.jpg,0,40,21M_HA_C040.jpg,m,right,11,24M_FE_C040.jpg
48,happiness,03F_HA_C100.jpg,0,40,06F_HA_C040.jpg,f,left,12,08F_FE_C040.jpg
49,happiness,02F_HA_C100.jpg,0,40,07F_FE_C040.jpg,f,right,12,04F_HA_C040.jpg
50,happiness,06F_HA_C100.jpg,0,40,04F_FE_C040.jpg,f,right,12,07F_HA_C040.jpg
51,happiness,01F_HA_C100.jpg,0,40,05F_FE_C040.jpg,f,right,12,08F_HA_C040.jpg
52,happiness,05F_HA_C100.jpg,0,40,02F_HA_C040.jpg,f,left,13,03F_FE_C040.jpg
53,happiness,07F_HA_C100.jpg,0,40,03F_HA_C040.jpg,f,left,13,01F_FE_C040.jpg
54,happiness,08F_HA_C100.jpg,0,40,01F_HA_C040.jpg,f,left,13,06F_FE_C040.jpg
55,happiness,04F_HA_C100.jpg,0,40,02F_FE_C040.jpg,f,right,13,05F_HA_C040.jpg
56,fear,02F_FE_C100.jpg,0,40,03F_FE_C040.jpg,f,left,14,06F_HA_C040.jpg
57,fear,03F_FE_C100.jpg,0,40,08F_FE_C040.jpg,f,left,14,02F_HA_C040.jpg
58,fear,01F_FE_C100.jpg,0,40,03F_HA_C040.jpg,f,right,14,05F_FE_C040.jpg
59,fear,06F_FE_C100.jpg,0,40,01F_FE_C040.jpg,f,left,14,08F_HA_C040.jpg
60,fear,07F_FE_C100.jpg,0,40,05F_HA_C040.jpg,f,right,15,04F_FE_C040.jpg
61,fear,08F_FE_C100.jpg,0,40,07F_FE_C040.jpg,f,left,15,04F_HA_C040.jpg
62,fear,04F_FE_C100.jpg,0,40,01F_HA_C040.jpg,f,right,15,06F_FE_C040.jpg
63,fear,05F_FE_C100.jpg,0,40,07F_HA_C040.jpg,f,right,15,02F_FE_C040.jpg
64,happiness,08F_HA_C100_cell6rand_a.jpg,6,100,08F_HA_C100_cell6rand_a.jpg,f,left,16,08F_HA_C100_cell6rand_b.jpg
65,happiness,04F_HA_C100_cell6rand_a.jpg,6,100,04F_HA_C100_cell6rand_b.jpg,f,right,16,04F_HA_C100_cell6rand_a.jpg
66,happiness,07F_HA_C100_cell6rand_a.jpg,6,100,07F_HA_C100_cell6rand_a.jpg,f,left,16,07F_HA_C100_cell6rand_b.jpg
67,happiness,02F_HA_C100_cell6rand_a.jpg,6,100,02F_HA_C100_cell6rand_a.jpg,f,left,16,02F_HA_C100_cell6rand_b.jpg
68,happiness,01F_HA_C100_cell6rand_a.jpg,6,100,01F_HA_C100_cell6rand_b.jpg,f,right,17,01F_HA_C100_cell6rand_a.jpg
69,fear,26M_FE_C100_cell6rand_a.jpg,6,100,26M_FE_C100_cell6rand_b.jpg,m,right,17,26M_FE_C100_cell6rand_a.jpg
70,happiness,23M_HA_C100_cell6rand_a.jpg,6,100,23M_HA_C100_cell6rand_a.jpg,m,left,17,23M_HA_C100_cell6rand_b.jpg
71,fear,03F_FE_C100_cell6rand_a.jpg,6,100,03F_FE_C100_cell6rand_b.jpg,f,right,17,03F_FE_C100_cell6rand_a.jpg
72,fear,21M_FE_C100_cell6rand_a.jpg,6,100,21M_FE_C100_cell6rand_b.jpg,m,right,18,21M_FE_C100_cell6rand_a.jpg
73,happiness,06F_HA_C100_cell6rand_a.jpg,6,100,06F_HA_C100_cell6rand_b.jpg,f,right,18,06F_HA_C100_cell6rand_a.jpg
74,fear,04F_FE_C100_cell6rand_a.jpg,6,100,04F_FE_C100_cell6rand_b.jpg,f,right,18,04F_FE_C100_cell6rand_a.jpg
75,fear,05F_FE_C100_cell6rand_a.jpg,6,100,05F_FE_C100_cell6rand_b.jpg,f,right,18,05F_FE_C100_cell6rand_a.jpg
76,happiness,03F_HA_C100_cell6rand_a.jpg,6,100,03F_HA_C100_cell6rand_a.jpg,f,left,19,03F_HA_C100_cell6rand_b.jpg
77,fear,23M_FE_C100_cell6rand_a.jpg,6,100,23M_FE_C100_cell6rand_b.jpg,m,right,19,23M_FE_C100_cell6rand_a.jpg
78,happiness,25M_HA_C100_cell6rand_a.jpg,6,100,25M_HA_C100_cell6rand_a.jpg,m,left,19,25M_HA_C100_cell6rand_b.jpg
79,happiness,26M_HA_C100_cell6rand_a.jpg,6,100,26M_HA_C100_cell6rand_a.jpg,m,left,19,26M_HA_C100_cell6rand_b.jpg
80,fear,08F_FE_C100_cell6rand_a.jpg,6,100,08F_FE_C100_cell6rand_b.jpg,f,right,20,08F_FE_C100_cell6rand_a.jpg
81,fear,06F_FE_C100_cell6rand_a.jpg,6,100,06F_FE_C100_cell6rand_a.jpg,f,left,20,06F_FE_C100_cell6rand_b.jpg
82,fear,02F_FE_C100_cell6rand_a.jpg,6,100,02F_FE_C100_cell6rand_a.jpg,f,left,20,02F_FE_C100_cell6rand_b.jpg
83,happiness,28M_HA_C100_cell6rand_a.jpg,6,100,28M_HA_C100_cell6rand_a.jpg,m,left,20,28M_HA_C100_cell6rand_b.jpg
84,happiness,21M_HA_C100_cell6rand_a.jpg,6,100,21M_HA_C100_cell6rand_b.jpg,m,right,21,21M_HA_C100_cell6rand_a.jpg
85,happiness,27M_HA_C100_cell6rand_a.jpg,6,100,27M_HA_C100_cell6rand_a.jpg,m,left,21,27M_HA_C100_cell6rand_b.jpg
86,fear,01F_FE_C100_cell6rand_a.jpg,6,100,01F_FE_C100_cell6rand_a.jpg,f,left,21,01F_FE_C100_cell6rand_b.jpg
87,happiness,05F_HA_C100_cell6rand_a.jpg,6,100,05F_HA_C100_cell6rand_b.jpg,f,right,21,05F_HA_C100_cell6rand_a.jpg
88,fear,28M_FE_C100_cell6rand_a.jpg,6,100,28M_FE_C100_cell6rand_b.jpg,m,right,22,28M_FE_C100_cell6rand_a.jpg
89,fear,22M_FE_C100_cell6rand_a.jpg,6,100,22M_FE_C100_cell6rand_a.jpg,m,left,22,22M_FE_C100_cell6rand_b.jpg
90,happiness,24M_HA_C100_cell6rand_a.jpg,6,100,24M_HA_C100_cell6rand_b.jpg,m,right,22,24M_HA_C100_cell6rand_a.jpg
91,fear,25M_FE_C100_cell6rand_a.jpg,6,100,25M_FE_C100_cell6rand_a.jpg,m,left,22,25M_FE_C100_cell6rand_b.jpg
92,fear,24M_FE_C100_cell6rand_a.jpg,6,100,24M_FE_C100_cell6rand_b.jpg,m,right,23,24M_FE_C100_cell6rand_a.jpg
93,happiness,22M_HA_C100_cell6rand_a.jpg,6,100,22M_HA_C100_cell6rand_b.jpg,m,right,23,22M_HA_C100_cell6rand_a.jpg
94,fear,27M_FE_C100_cell6rand_a.jpg,6,100,27M_FE_C100_cell6rand_a.jpg,m,left,23,27M_FE_C100_cell6rand_b.jpg
95,fear,07F_FE_C100_cell6rand_a.jpg,6,100,07F_FE_C100_cell6rand_a.jpg,f,left,23,07F_FE_C100_cell6rand_b.jpg
96,fear,05F_FE_C100_cell10rand_a.jpg,10,100,05F_FE_C100_cell10rand_b.jpg,f,right,24,05F_FE_C100_cell10rand_a.jpg
97,fear,04F_FE_C100_cell10rand_a.jpg,10,100,04F_FE_C100_cell10rand_a.jpg,f,left,24,04F_FE_C100_cell10rand_b.jpg
98,happiness,01F_HA_C100_cell10rand_a.jpg,10,100,01F_HA_C100_cell10rand_b.jpg,f,right,24,01F_HA_C100_cell10rand_a.jpg
99,happiness,27M_HA_C100_cell10rand_a.jpg,10,100,27M_HA_C100_cell10rand_b.jpg,m,right,24,27M_HA_C100_cell10rand_a.jpg
100,fear,03F_FE_C100_cell10rand_a.jpg,10,100,03F_FE_C100_cell10rand_a.jpg,f,left,25,03F_FE_C100_cell10rand_b.jpg
101,happiness,22M_HA_C100_cell10rand_a.jpg,10,100,22M_HA_C100_cell10rand_b.jpg,m,right,25,22M_HA_C100_cell10rand_a.jpg
102,happiness,21M_HA_C100_cell10rand_a.jpg,10,100,21M_HA_C100_cell10rand_b.jpg,m,right,25,21M_HA_C100_cell10rand_a.jpg
103,fear,23M_FE_C100_cell10rand_a.jpg,10,100,23M_FE_C100_cell10rand_b.jpg,m,right,25,23M_FE_C100_cell10rand_a.jpg
104,fear,06F_FE_C100_cell10rand_a.jpg,10,100,06F_FE_C100_cell10rand_a.jpg,f,left,26,06F_FE_C100_cell10rand_b.jpg
105,happiness,05F_HA_C100_cell10rand_a.jpg,10,100,05F_HA_C100_cell10rand_a.jpg,f,left,26,05F_HA_C100_cell10rand_b.jpg
106,fear,21M_FE_C100_cell10rand_a.jpg,10,100,21M_FE_C100_cell10rand_b.jpg,m,right,26,21M_FE_C100_cell10rand_a.jpg
107,fear,07F_FE_C100_cell10rand_a.jpg,10,100,07F_FE_C100_cell10rand_a.jpg,f,left,26,07F_FE_C100_cell10rand_b.jpg
108,fear,22M_FE_C100_cell10rand_a.jpg,10,100,22M_FE_C100_cell10rand_a.jpg,m,left,27,22M_FE_C100_cell10rand_b.jpg
109,happiness,28M_HA_C100_cell10rand_a.jpg,10,100,28M_HA_C100_cell10rand_b.jpg,m,right,27,28M_HA_C100_cell10rand_a.jpg
110,happiness,07F_HA_C100_cell10rand_a.jpg,10,100,07F_HA_C100_cell10rand_b.jpg,f,right,27,07F_HA_C100_cell10rand_a.jpg
111,happiness,02F_HA_C100_cell10rand_a.jpg,10,100,02F_HA_C100_cell10rand_a.jpg,f,left,27,02F_HA_C100_cell10rand_b.jpg
112,happiness,04F_HA_C100_cell10rand_a.jpg,10,100,04F_HA_C100_cell10rand_b.jpg,f,right,28,04F_HA_C100_cell10rand_a.jpg
113,happiness,23M_HA_C100_cell10rand_a.jpg,10,100,23M_HA_C100_cell10rand_b.jpg,m,right,28,23M_HA_C100_cell10rand_a.jpg
114,happiness,06F_HA_C100_cell10rand_a.jpg,10,100,06F_HA_C100_cell10rand_a.jpg,f,left,28,06F_HA_C100_cell10rand_b.jpg
115,happiness,25M_HA_C100_cell10rand_a.jpg,10,100,25M_HA_C100_cell10rand_a.jpg,m,left,28,25M_HA_C100_cell10rand_b.jpg
116,fear,01F_FE_C100_cell10rand_a.jpg,10,100,01F_FE_C100_cell10rand_b.jpg,f,right,29,01F_FE_C100_cell10rand_a.jpg
117,happiness,24M_HA_C100_cell10rand_a.jpg,10,100,24M_HA_C100_cell10rand_a.jpg,m,left,29,24M_HA_C100_cell10rand_b.jpg
118,fear,28M_FE_C100_cell10rand_a.jpg,10,100,28M_FE_C100_cell10rand_b.jpg,m,right,29,28M_FE_C100_cell10rand_a.jpg
119,fear,25M_FE_C100_cell10rand_a.jpg,10,100,25M_FE_C100_cell10rand_a.jpg,m,left,29,25M_FE_C100_cell10rand_b.jpg
120,happiness,26M_HA_C100_cell10rand_a.jpg,10,100,26M_HA_C100_cell10rand_a.jpg,m,left,30,26M_HA_C100_cell10rand_b.jpg
121,fear,08F_FE_C100_cell10rand_a.jpg,10,100,08F_FE_C100_cell10rand_b.jpg,f,right,30,08F_FE_C100_cell10rand_a.jpg
122,fear,27M_FE_C100_cell10rand_a.jpg,10,100,27M_FE_C100_cell10rand_a.jpg,m,left,30,27M_FE_C100_cell10rand_b.jpg
123,fear,24M_FE_C100_cell10rand_a.jpg,10,100,24M_FE_C100_cell10rand_b.jpg,m,right,30,24M_FE_C100_cell10rand_a.jpg
124,fear,26M_FE_C100_cell10rand_a.jpg,10,100,26M_FE_C100_cell10rand_b.jpg,m,right,31,26M_FE_C100_cell10rand_a.jpg
125,fear,02F_FE_C100_cell10rand_a.jpg,10,100,02F_FE_C100_cell10rand_a.jpg,f,left,31,02F_FE_C100_cell10rand_b.jpg
126,happiness,08F_HA_C100_cell10rand_a.jpg,10,100,08F_HA_C100_cell10rand_a.jpg,f,left,31,08F_HA_C100_cell10rand_b.jpg
127,happiness,03F_HA_C100_cell10rand_a.jpg,10,100,03F_HA_C100_cell10rand_a.jpg,f,left,31,03F_HA_C100_cell10rand_b.jpg
128,fear,26M_FE_C100_cell14rand_a.jpg,14,100,26M_FE_C100_cell14rand_b.jpg,m,right,32,26M_FE_C100_cell14rand_a.jpg
129,fear,04F_FE_C100_cell14rand_a.jpg,14,100,04F_FE_C100_cell14rand_b.jpg,f,right,32,04F_FE_C100_cell14rand_a.jpg
130,happiness,07F_HA_C100_cell14rand_a.jpg,14,100,07F_HA_C100_cell14rand_b.jpg,f,right,32,07F_HA_C100_cell14rand_a.jpg
131,fear,22M_FE_C100_cell14rand_a.jpg,14,100,22M_FE_C100_cell14rand_a.jpg,m,left,32,22M_FE_C100_cell14rand_b.jpg
132,happiness,06F_HA_C100_cell14rand_a.jpg,14,100,06F_HA_C100_cell14rand_b.jpg,f,right,33,06F_HA_C100_cell14rand_a.jpg
133,happiness,02F_HA_C100_cell14rand_a.jpg,14,100,02F_HA_C100_cell14rand_a.jpg,f,left,33,02F_HA_C100_cell14rand_b.jpg
134,happiness,25M_HA_C100_cell14rand_a.jpg,14,100,25M_HA_C100_cell14rand_a.jpg,m,left,33,25M_HA_C100_cell14rand_b.jpg
135,happiness,08F_HA_C100_cell14rand_a.jpg,14,100,08F_HA_C100_cell14rand_a.jpg,f,left,33,08F_HA_C100_cell14rand_b.jpg
136,happiness,03F_HA_C100_cell14rand_a.jpg,14,100,03F_HA_C100_cell14rand_a.jpg,f,left,34,03F_HA_C100_cell14rand_b.jpg
137,fear,28M_FE_C100_cell14rand_a.jpg,14,100,28M_FE_C100_cell14rand_b.jpg,m,right,34,28M_FE_C100_cell14rand_a.jpg
138,happiness,22M_HA_C100_cell14rand_a.jpg,14,100,22M_HA_C100_cell14rand_a.jpg,m,left,34,22M_HA_C100_cell14rand_b.jpg
139,fear,21M_FE_C100_cell14rand_a.jpg,14,100,21M_FE_C100_cell14rand_a.jpg,m,left,34,21M_FE_C100_cell14rand_b.jpg
140,fear,27M_FE_C100_cell14rand_a.jpg,14,100,27M_FE_C100_cell14rand_a.jpg,m,left,35,27M_FE_C100_cell14rand_b.jpg
141,fear,05F_FE_C100_cell14rand_a.jpg,14,100,05F_FE_C100_cell14rand_a.jpg,f,left,35,05F_FE_C100_cell14rand_b.jpg
142,fear,25M_FE_C100_cell14rand_a.jpg,14,100,25M_FE_C100_cell14rand_b.jpg,m,right,35,25M_FE_C100_cell14rand_a.jpg
143,fear,06F_FE_C100_cell14rand_a.jpg,14,100,06F_FE_C100_cell14rand_b.jpg,f,right,35,06F_FE_C100_cell14rand_a.jpg
144,happiness,05F_HA_C100_cell14rand_a.jpg,14,100,05F_HA_C100_cell14rand_a.jpg,f,left,36,05F_HA_C100_cell14rand_b.jpg
145,happiness,04F_HA_C100_cell14rand_a.jpg,14,100,04F_HA_C100_cell14rand_a.jpg,f,left,36,04F_HA_C100_cell14rand_b.jpg
146,happiness,27M_HA_C100_cell14rand_a.jpg,14,100,27M_HA_C100_cell14rand_a.jpg,m,left,36,27M_HA_C100_cell14rand_b.jpg
147,fear,24M_FE_C100_cell14rand_a.jpg,14,100,24M_FE_C100_cell14rand_b.jpg,m,right,36,24M_FE_C100_cell14rand_a.jpg
148,fear,02F_FE_C100_cell14rand_a.jpg,14,100,02F_FE_C100_cell14rand_b.jpg,f,right,37,02F_FE_C100_cell14rand_a.jpg
149,fear,01F_FE_C100_cell14rand_a.jpg,14,100,01F_FE_C100_cell14rand_a.jpg,f,left,37,01F_FE_C100_cell14rand_b.jpg
150,happiness,26M_HA_C100_cell14rand_a.jpg,14,100,26M_HA_C100_cell14rand_b.jpg,m,right,37,26M_HA_C100_cell14rand_a.jpg
151,fear,08F_FE_C100_cell14rand_a.jpg,14,100,08F_FE_C100_cell14rand_a.jpg,f,left,37,08F_FE_C100_cell14rand_b.jpg
152,fear,07F_FE_C100_cell14rand_a.jpg,14,100,07F_FE_C100_cell14rand_b.jpg,f,right,38,07F_FE_C100_cell14rand_a.jpg
153,fear,03F_FE_C100_cell14rand_a.jpg,14,100,03F_FE_C100_cell14rand_b.jpg,f,right,38,03F_FE_C100_cell14rand_a.jpg
154,happiness,24M_HA_C100_cell14rand_a.jpg,14,100,24M_HA_C100_cell14rand_a.jpg,m,left,38,24M_HA_C100_cell14rand_b.jpg
155,happiness,21M_HA_C100_cell14rand_a.jpg,14,100,21M_HA_C100_cell14rand_b.jpg,m,right,38,21M_HA_C100_cell14rand_a.jpg
156,happiness,01F_HA_C100_cell14rand_a.jpg,14,100,01F_HA_C100_cell14rand_b.jpg,f,right,39,01F_HA_C100_cell14rand_a.jpg
157,happiness,28M_HA_C100_cell14rand_a.jpg,14,100,28M_HA_C100_cell14rand_b.jpg,m,right,39,28M_HA_C100_cell14rand_a.jpg
158,fear,23M_FE_C100_cell14rand_a.jpg,14,100,23M_FE_C100_cell14rand_a.jpg,m,left,39,23M_FE_C100_cell14rand_b.jpg
159,happiness,23M_HA_C100_cell14rand_a.jpg,14,100,23M_HA_C100_cell14rand_b.jpg,m,right,39,23M_HA_C100_cell14rand_a.jpg
160,fear,26M_FE_C100_cell18rand_a.jpg,18,100,26M_FE_C100_cell18rand_b.jpg,m,right,40,26M_FE_C100_cell18rand_a.jpg
161,happiness,28M_HA_C100_cell18rand_a.jpg,18,100,28M_HA_C100_cell18rand_a.jpg,m,left,40,28M_HA_C100_cell18rand_b.jpg
162,fear,23M_FE_C100_cell18rand_a.jpg,18,100,23M_FE_C100_cell18rand_b.jpg,m,right,40,23M_FE_C100_cell18rand_a.jpg
163,fear,04F_FE_C100_cell18rand_a.jpg,18,100,04F_FE_C100_cell18rand_b.jpg,f,right,40,04F_FE_C100_cell18rand_a.jpg
164,happiness,22M_HA_C100_cell18rand_a.jpg,18,100,22M_HA_C100_cell18rand_b.jpg,m,right,41,22M_HA_C100_cell18rand_a.jpg
165,happiness,21M_HA_C100_cell18rand_a.jpg,18,100,21M_HA_C100_cell18rand_b.jpg,m,right,41,21M_HA_C100_cell18rand_a.jpg
166,fear,25M_FE_C100_cell18rand_a.jpg,18,100,25M_FE_C100_cell18rand_b.jpg,m,right,41,25M_FE_C100_cell18rand_a.jpg
167,fear,27M_FE_C100_cell18rand_a.jpg,18,100,27M_FE_C100_cell18rand_b.jpg,m,right,41,27M_FE_C100_cell18rand_a.jpg
168,happiness,08F_HA_C100_cell18rand_a.jpg,18,100,08F_HA_C100_cell18rand_b.jpg,f,right,42,08F_HA_C100_cell18rand_a.jpg
169,fear,06F_FE_C100_cell18rand_a.jpg,18,100,06F_FE_C100_cell18rand_a.jpg,f,left,42,06F_FE_C100_cell18rand_b.jpg
170,happiness,01F_HA_C100_cell18rand_a.jpg,18,100,01F_HA_C100_cell18rand_a.jpg,f,left,42,01F_HA_C100_cell18rand_b.jpg
171,fear,28M_FE_C100_cell18rand_a.jpg,18,100,28M_FE_C100_cell18rand_b.jpg,m,right,42,28M_FE_C100_cell18rand_a.jpg
172,fear,01F_FE_C100_cell18rand_a.jpg,18,100,01F_FE_C100_cell18rand_a.jpg,f,left,43,01F_FE_C100_cell18rand_b.jpg
173,happiness,03F_HA_C100_cell18rand_a.jpg,18,100,03F_HA_C100_cell18rand_a.jpg,f,left,43,03F_HA_C100_cell18rand_b.jpg
174,happiness,05F_HA_C100_cell18rand_a.jpg,18,100,05F_HA_C100_cell18rand_a.jpg,f,left,43,05F_HA_C100_cell18rand_b.jpg
175,happiness,27M_HA_C100_cell18rand_a.jpg,18,100,27M_HA_C100_cell18rand_b.jpg,m,right,43,27M_HA_C100_cell18rand_a.jpg
176,happiness,02F_HA_C100_cell18rand_a.jpg,18,100,02F_HA_C100_cell18rand_b.jpg,f,right,44,02F_HA_C100_cell18rand_a.jpg
177,fear,21M_FE_C100_cell18rand_a.jpg,18,100,21M_FE_C100_cell18rand_a.jpg,m,left,44,21M_FE_C100_cell18rand_b.jpg
178,fear,02F_FE_C100_cell18rand_a.jpg,18,100,02F_FE_C100_cell18rand_a.jpg,f,left,44,02F_FE_C100_cell18rand_b.jpg
179,fear,07F_FE_C100_cell18rand_a.jpg,18,100,07F_FE_C100_cell18rand_a.jpg,f,left,44,07F_FE_C100_cell18rand_b.jpg
180,happiness,04F_HA_C100_cell18rand_a.jpg,18,100,04F_HA_C100_cell18rand_b.jpg,f,right,45,04F_HA_C100_cell18rand_a.jpg
181,fear,05F_FE_C100_cell18rand_a.jpg,18,100,05F_FE_C100_cell18rand_b.jpg,f,right,45,05F_FE_C100_cell18rand_a.jpg
182,happiness,23M_HA_C100_cell18rand_a.jpg,18,100,23M_HA_C100_cell18rand_a.jpg,m,left,45,23M_HA_C100_cell18rand_b.jpg
183,fear,03F_FE_C100_cell18rand_a.jpg,18,100,03F_FE_C100_cell18rand_a.jpg,f,left,45,03F_FE_C100_cell18rand_b.jpg
184,happiness,24M_HA_C100_cell18rand_a.jpg,18,100,24M_HA_C100_cell18rand_a.jpg,m,left,46,24M_HA_C100_cell18rand_b.jpg
185,fear,08F_FE_C100_cell18rand_a.jpg,18,100,08F_FE_C100_cell18rand_a.jpg,f,left,46,08F_FE_C100_cell18rand_b.jpg
186,fear,22M_FE_C100_cell18rand_a.jpg,18,100,22M_FE_C100_cell18rand_a.jpg,m,left,46,22M_FE_C100_cell18rand_b.jpg
187,happiness,07F_HA_C100_cell18rand_a.jpg,18,100,07F_HA_C100_cell18rand_b.jpg,f,right,46,07F_HA_C100_cell18rand_a.jpg
188,happiness,25M_HA_C100_cell18rand_a.jpg,18,100,25M_HA_C100_cell18rand_b.jpg,m,right,47,25M_HA_C100_cell18rand_a.jpg
189,happiness,06F_HA_C100_cell18rand_a.jpg,18,100,06F_HA_C100_cell18rand_a.jpg,f,left,47,06F_HA_C100_cell18rand_b.jpg
190,fear,24M_FE_C100_cell18rand_a.jpg,18,100,24M_FE_C100_cell18rand_b.jpg,m,right,47,24M_FE_C100_cell18rand_a.jpg
191,happiness,26M_HA_C100_cell18rand_a.jpg,18,100,26M_HA_C100_cell18rand_a.jpg,m,left,47,26M_HA_C100_cell18rand_b.jpg
192,happiness,28M_HA_C100_cell22rand_a.jpg,22,100,28M_HA_C100_cell22rand_a.jpg,m,left,48,28M_HA_C100_cell22rand_b.jpg
193,fear,22M_FE_C100_cell22rand_a.jpg,22,100,22M_FE_C100_cell22rand_a.jpg,m,left,48,22M_FE_C100_cell22rand_b.jpg
194,fear,26M_FE_C100_cell22rand_a.jpg,22,100,26M_FE_C100_cell22rand_b.jpg,m,right,48,26M_FE_C100_cell22rand_a.jpg
195,fear,03F_FE_C100_cell22rand_a.jpg,22,100,03F_FE_C100_cell22rand_a.jpg,f,left,48,03F_FE_C100_cell22rand_b.jpg
196,happiness,01F_HA_C100_cell22rand_a.jpg,22,100,01F_HA_C100_cell22rand_b.jpg,f,right,49,01F_HA_C100_cell22rand_a.jpg
197,happiness,23M_HA_C100_cell22rand_a.jpg,22,100,23M_HA_C100_cell22rand_a.jpg,m,left,49,23M_HA_C100_cell22rand_b.jpg
198,fear,23M_FE_C100_cell22rand_a.jpg,22,100,23M_FE_C100_cell22rand_b.jpg,m,right,49,23M_FE_C100_cell22rand_a.jpg
199,fear,01F_FE_C100_cell22rand_a.jpg,22,100,01F_FE_C100_cell22rand_b.jpg,f,right,49,01F_FE_C100_cell22rand_a.jpg
200,happiness,21M_HA_C100_cell22rand_a.jpg,22,100,21M_HA_C100_cell22rand_a.jpg,m,left,50,21M_HA_C100_cell22rand_b.jpg
201,fear,25M_FE_C100_cell22rand_a.jpg,22,100,25M_FE_C100_cell22rand_a.jpg,m,left,50,25M_FE_C100_cell22rand_b.jpg
202,happiness,24M_HA_C100_cell22rand_a.jpg,22,100,24M_HA_C100_cell22rand_a.jpg,m,left,50,24M_HA_C100_cell22rand_b.jpg
203,fear,02F_FE_C100_cell22rand_a.jpg,22,100,02F_FE_C100_cell22rand_b.jpg,f,right,50,02F_FE_C100_cell22rand_a.jpg
204,happiness,06F_HA_C100_cell22rand_a.jpg,22,100,06F_HA_C100_cell22rand_a.jpg,f,left,51,06F_HA_C100_cell22rand_b.jpg
205,happiness,05F_HA_C100_cell22rand_a.jpg,22,100,05F_HA_C100_cell22rand_b.jpg,f,right,51,05F_HA_C100_cell22rand_a.jpg
206,fear,24M_FE_C100_cell22rand_a.jpg,22,100,24M_FE_C100_cell22rand_a.jpg,m,left,51,24M_FE_C100_cell22rand_b.jpg
207,fear,04F_FE_C100_cell22rand_a.jpg,22,100,04F_FE_C100_cell22rand_a.jpg,f,left,51,04F_FE_C100_cell22rand_b.jpg
208,fear,21M_FE_C100_cell22rand_a.jpg,22,100,21M_FE_C100_cell22rand_b.jpg,m,right,52,21M_FE_C100_cell22rand_a.jpg
209,happiness,22M_HA_C100_cell22rand_a.jpg,22,100,22M_HA_C100_cell22rand_b.jpg,m,right,52,22M_HA_C100_cell22rand_a.jpg
210,happiness,26M_HA_C100_cell22rand_a.jpg,22,100,26M_HA_C100_cell22rand_a.jpg,m,left,52,26M_HA_C100_cell22rand_b.jpg
211,fear,08F_FE_C100_cell22rand_a.jpg,22,100,08F_FE_C100_cell22rand_a.jpg,f,left,52,08F_FE_C100_cell22rand_b.jpg
212,happiness,07F_HA_C100_cell22rand_a.jpg,22,100,07F_HA_C100_cell22rand_a.jpg,f,left,53,07F_HA_C100_cell22rand_b.jpg
213,fear,07F_FE_C100_cell22rand_a.jpg,22,100,07F_FE_C100_cell22rand_b.jpg,f,right,53,07F_FE_C100_cell22rand_a.jpg
214,happiness,03F_HA_C100_cell22rand_a.jpg,22,100,03F_HA_C100_cell22rand_b.jpg,f,right,53,03F_HA_C100_cell22rand_a.jpg
215,happiness,02F_HA_C100_cell22rand_a.jpg,22,100,02F_HA_C100_cell22rand_b.jpg,f,right,53,02F_HA_C100_cell22rand_a.jpg
216,fear,28M_FE_C100_cell22rand_a.jpg,22,100,28M_FE_C100_cell22rand_b.jpg,m,right,54,28M_FE_C100_cell22rand_a.jpg
217,happiness,04F_HA_C100_cell22rand_a.jpg,22,100,04F_HA_C100_cell22rand_a.jpg,f,left,54,04F_HA_C100_cell22rand_b.jpg
218,happiness,27M_HA_C100_cell22rand_a.jpg,22,100,27M_HA_C100_cell22rand_b.jpg,m,right,54,27M_HA_C100_cell22rand_a.jpg
219,happiness,08F_HA_C100_cell22rand_a.jpg,22,100,08F_HA_C100_cell22rand_b.jpg,f,right,54,08F_HA_C100_cell22rand_a.jpg
220,happiness,25M_HA_C100_cell22rand_a.jpg,22,100,25M_HA_C100_cell22rand_b.jpg,m,right,55,25M_HA_C100_cell22rand_a.jpg
221,fear,05F_FE_C100_cell22rand_a.jpg,22,100,05F_FE_C100_cell22rand_b.jpg,f,right,55,05F_FE_C100_cell22rand_a.jpg
222,fear,06F_FE_C100_cell22rand_a.jpg,22,100,06F_FE_C100_cell22rand_a.jpg,f,left,55,06F_FE_C100_cell22rand_b.jpg
223,fear,27M_FE_C100_cell22rand_a.jpg,22,100,27M_FE_C100_cell22rand_a.jpg,m,left,55,27M_FE_C100_cell22rand_b.jpg
224,happiness,06F_HA_C100_cell26rand_a.jpg,26,100,06F_HA_C100_cell26rand_a.jpg,f,left,56,06F_HA_C100_cell26rand_b.jpg
225,happiness,22M_HA_C100_cell26rand_a.jpg,26,100,22M_HA_C100_cell26rand_a.jpg,m,left,56,22M_HA_C100_cell26rand_b.jpg
226,happiness,03F_HA_C100_cell26rand_a.jpg,26,100,03F_HA_C100_cell26rand_b.jpg,f,right,56,03F_HA_C100_cell26rand_a.jpg
227,happiness,25M_HA_C100_cell26rand_a.jpg,26,100,25M_HA_C100_cell26rand_a.jpg,m,left,56,25M_HA_C100_cell26rand_b.jpg
228,fear,21M_FE_C100_cell26rand_a.jpg,26,100,21M_FE_C100_cell26rand_a.jpg,m,left,57,21M_FE_C100_cell26rand_b.jpg
229,happiness,27M_HA_C100_cell26rand_a.jpg,26,100,27M_HA_C100_cell26rand_b.jpg,m,right,57,27M_HA_C100_cell26rand_a.jpg
230,fear,04F_FE_C100_cell26rand_a.jpg,26,100,04F_FE_C100_cell26rand_a.jpg,f,left,57,04F_FE_C100_cell26rand_b.jpg
231,happiness,01F_HA_C100_cell26rand_a.jpg,26,100,01F_HA_C100_cell26rand_a.jpg,f,left,57,01F_HA_C100_cell26rand_b.jpg
232,fear,02F_FE_C100_cell26rand_a.jpg,26,100,02F_FE_C100_cell26rand_a.jpg,f,left,58,02F_FE_C100_cell26rand_b.jpg
233,fear,01F_FE_C100_cell26rand_a.jpg,26,100,01F_FE_C100_cell26rand_a.jpg,f,left,58,01F_FE_C100_cell26rand_b.jpg
234,fear,24M_FE_C100_cell26rand_a.jpg,26,100,24M_FE_C100_cell26rand_a.jpg,m,left,58,24M_FE_C100_cell26rand_b.jpg
235,fear,26M_FE_C100_cell26rand_a.jpg,26,100,26M_FE_C100_cell26rand_b.jpg,m,right,58,26M_FE_C100_cell26rand_a.jpg
236,happiness,26M_HA_C100_cell26rand_a.jpg,26,100,26M_HA_C100_cell26rand_a.jpg,m,left,59,26M_HA_C100_cell26rand_b.jpg
237,fear,08F_FE_C100_cell26rand_a.jpg,26,100,08F_FE_C100_cell26rand_b.jpg,f,right,59,08F_FE_C100_cell26rand_a.jpg
238,fear,06F_FE_C100_cell26rand_a.jpg,26,100,06F_FE_C100_cell26rand_b.jpg,f,right,59,06F_FE_C100_cell26rand_a.jpg
239,happiness,21M_HA_C100_cell26rand_a.jpg,26,100,21M_HA_C100_cell26rand_a.jpg,m,left,59,21M_HA_C100_cell26rand_b.jpg
240,happiness,05F_HA_C100_cell26rand_a.jpg,26,100,05F_HA_C100_cell26rand_a.jpg,f,left,60,05F_HA_C100_cell26rand_b.jpg
241,happiness,23M_HA_C100_cell26rand_a.jpg,26,100,23M_HA_C100_cell26rand_b.jpg,m,right,60,23M_HA_C100_cell26rand_a.jpg
242,happiness,04F_HA_C100_cell26rand_a.jpg,26,100,04F_HA_C100_cell26rand_a.jpg,f,left,60,04F_HA_C100_cell26rand_b.jpg
243,happiness,24M_HA_C100_cell26rand_a.jpg,26,100,24M_HA_C100_cell26rand_b.jpg,m,right,60,24M_HA_C100_cell26rand_a.jpg
244,fear,07F_FE_C100_cell26rand_a.jpg,26,100,07F_FE_C100_cell26rand_b.jpg,f,right,61,07F_FE_C100_cell26rand_a.jpg
245,fear,25M_FE_C100_cell26rand_a.jpg,26,100,25M_FE_C100_cell26rand_a.jpg,m,left,61,25M_FE_C100_cell26rand_b.jpg
246,fear,23M_FE_C100_cell26rand_a.jpg,26,100,23M_FE_C100_cell26rand_b.jpg,m,right,61,23M_FE_C100_cell26rand_a.jpg
247,fear,27M_FE_C100_cell26rand_a.jpg,26,100,27M_FE_C100_cell26rand_a.jpg,m,left,61,27M_FE_C100_cell26rand_b.jpg
248,happiness,08F_HA_C100_cell26rand_a.jpg,26,100,08F_HA_C100_cell26rand_b.jpg,f,right,62,08F_HA_C100_cell26rand_a.jpg
249,fear,28M_FE_C100_cell26rand_a.jpg,26,100,28M_FE_C100_cell26rand_b.jpg,m,right,62,28M_FE_C100_cell26rand_a.jpg
250,happiness,28M_HA_C100_cell26rand_a.jpg,26,100,28M_HA_C100_cell26rand_b.jpg,m,right,62,28M_HA_C100_cell26rand_a.jpg
251,fear,03F_FE_C100_cell26rand_a.jpg,26,100,03F_FE_C100_cell26rand_b.jpg,f,right,62,03F_FE_C100_cell26rand_a.jpg
252,happiness,07F_HA_C100_cell26rand_a.jpg,26,100,07F_HA_C100_cell26rand_b.jpg,f,right,63,07F_HA_C100_cell26rand_a.jpg
253,happiness,02F_HA_C100_cell26rand_a.jpg,26,100,02F_HA_C100_cell26rand_b.jpg,f,right,63,02F_HA_C100_cell26rand_a.jpg
254,fear,05F_FE_C100_cell26rand_a.jpg,26,100,05F_FE_C100_cell26rand_a.jpg,f,left,63,05F_FE_C100_cell26rand_b.jpg
255,fear,22M_FE_C100_cell26rand_a.jpg,26,100,22M_FE_C100_cell26rand_b.jpg,m,right,63,22M_FE_C100_cell26rand_a.jpg
